obs_date,category,value
1987-01-01,PCE_Total,2935.5
1987-02-01,PCE_Total,3001.7
1987-03-01,PCE_Total,3013.3
1987-04-01,PCE_Total,3038.8
1987-05-01,PCE_Total,3048.4
1987-06-01,PCE_Total,3072.8
1987-07-01,PCE_Total,3094.7
1987-08-01,PCE_Total,3130.8
1987-09-01,PCE_Total,3126.5
1987-10-01,PCE_Total,3134.5
1987-11-01,PCE_Total,3144.2
1987-12-01,PCE_Total,3174.1
1988-01-01,PCE_Total,3213.7
1988-02-01,PCE_Total,3221.4
1988-03-01,PCE_Total,3260.5
1988-04-01,PCE_Total,3263.0
1988-05-01,PCE_Total,3293.6
1988-06-01,PCE_Total,3318.5
1988-07-01,PCE_Total,3342.7
1988-08-01,PCE_Total,3368.0
1988-09-01,PCE_Total,3375.0
1988-10-01,PCE_Total,3413.7
1988-11-01,PCE_Total,3430.2
1988-12-01,PCE_Total,3459.7
1989-01-01,PCE_Total,3483.7
1989-02-01,PCE_Total,3488.0
1989-03-01,PCE_Total,3498.8
1989-04-01,PCE_Total,3543.0
1989-05-01,PCE_Total,3551.8
1989-06-01,PCE_Total,3566.6
1989-07-01,PCE_Total,3585.7
1989-08-01,PCE_Total,3620.6
1989-09-01,PCE_Total,3621.9
1989-10-01,PCE_Total,3633.6
1989-11-01,PCE_Total,3643.3
1989-12-01,PCE_Total,3684.2
1990-01-01,PCE_Total,3730.7
1990-02-01,PCE_Total,3728.2
1990-03-01,PCE_Total,3754.9
1990-04-01,PCE_Total,3770.0
1990-05-01,PCE_Total,3775.8
1990-06-01,PCE_Total,3804.5
1990-07-01,PCE_Total,3821.7
1990-08-01,PCE_Total,3848.3
1990-09-01,PCE_Total,3870.1
1990-10-01,PCE_Total,3870.6
1990-11-01,PCE_Total,3871.9
1990-12-01,PCE_Total,3861.3
1991-01-01,PCE_Total,3841.0
1991-02-01,PCE_Total,3866.7
1991-03-01,PCE_Total,3913.0
1991-04-01,PCE_Total,3907.1
1991-05-01,PCE_Total,3933.2
1991-06-01,PCE_Total,3940.5
1991-07-01,PCE_Total,3966.0
1991-08-01,PCE_Total,3969.1
1991-09-01,PCE_Total,3984.7
1991-10-01,PCE_Total,3976.0
1991-11-01,PCE_Total,4003.6
1991-12-01,PCE_Total,4020.5
1992-01-01,PCE_Total,4084.7
1992-02-01,PCE_Total,4099.5
1992-03-01,PCE_Total,4117.0
1992-04-01,PCE_Total,4131.5
1992-05-01,PCE_Total,4158.4
1992-06-01,PCE_Total,4177.1
1992-07-01,PCE_Total,4204.8
1992-08-01,PCE_Total,4220.9
1992-09-01,PCE_Total,4255.3
1992-10-01,PCE_Total,4284.7
1992-11-01,PCE_Total,4300.5
1992-12-01,PCE_Total,4336.4
1993-01-01,PCE_Total,4340.7
1993-02-01,PCE_Total,4355.3
1993-03-01,PCE_Total,4352.5
1993-04-01,PCE_Total,4393.4
1993-05-01,PCE_Total,4422.4
1993-06-01,PCE_Total,4440.0
1993-07-01,PCE_Total,4468.9
1993-08-01,PCE_Total,4481.1
1993-09-01,PCE_Total,4511.5
1993-10-01,PCE_Total,4532.8
1993-11-01,PCE_Total,4554.1
1993-12-01,PCE_Total,4571.1
1994-01-01,PCE_Total,4585.1
1994-02-01,PCE_Total,4632.6
1994-03-01,PCE_Total,4646.0
1994-04-01,PCE_Total,4671.1
1994-05-01,PCE_Total,4669.5
1994-06-01,PCE_Total,4708.9
1994-07-01,PCE_Total,4720.6
1994-08-01,PCE_Total,4762.6
1994-09-01,PCE_Total,4775.0
1994-10-01,PCE_Total,4812.9
1994-11-01,PCE_Total,4825.6
1994-12-01,PCE_Total,4841.6
1995-01-01,PCE_Total,4851.2
1995-02-01,PCE_Total,4850.8
1995-03-01,PCE_Total,4885.4
1995-04-01,PCE_Total,4890.2
1995-05-01,PCE_Total,4933.1
1995-06-01,PCE_Total,4977.5
1995-07-01,PCE_Total,4970.2
1995-08-01,PCE_Total,5005.3
1995-09-01,PCE_Total,5020.5
1995-10-01,PCE_Total,5013.9
1995-11-01,PCE_Total,5055.6
1995-12-01,PCE_Total,5097.5
1996-01-01,PCE_Total,5085.7
1996-02-01,PCE_Total,5132.8
1996-03-01,PCE_Total,5173.3
1996-04-01,PCE_Total,5208.0
1996-05-01,PCE_Total,5223.8
1996-06-01,PCE_Total,5229.8
1996-07-01,PCE_Total,5251.9
1996-08-01,PCE_Total,5275.0
1996-09-01,PCE_Total,5296.6
1996-10-01,PCE_Total,5328.5
1996-11-01,PCE_Total,5351.2
1996-12-01,PCE_Total,5378.6
1997-01-01,PCE_Total,5411.1
1997-02-01,PCE_Total,5434.0
1997-03-01,PCE_Total,5454.2
1997-04-01,PCE_Total,5459.3
1997-05-01,PCE_Total,5460.2
1997-06-01,PCE_Total,5494.2
1997-07-01,PCE_Total,5548.8
1997-08-01,PCE_Total,5587.0
1997-09-01,PCE_Total,5601.7
1997-10-01,PCE_Total,5637.7
1997-11-01,PCE_Total,5661.1
1997-12-01,PCE_Total,5692.1
1998-01-01,PCE_Total,5689.9
1998-02-01,PCE_Total,5723.8
1998-03-01,PCE_Total,5750.3
1998-04-01,PCE_Total,5788.1
1998-05-01,PCE_Total,5837.9
1998-06-01,PCE_Total,5871.7
1998-07-01,PCE_Total,5890.0
1998-08-01,PCE_Total,5925.0
1998-09-01,PCE_Total,5965.6
1998-10-01,PCE_Total,5998.8
1998-11-01,PCE_Total,6015.4
1998-12-01,PCE_Total,6070.5
1999-01-01,PCE_Total,6073.9
1999-02-01,PCE_Total,6099.2
1999-03-01,PCE_Total,6133.0
1999-04-01,PCE_Total,6199.5
1999-05-01,PCE_Total,6232.1
1999-06-01,PCE_Total,6260.3
1999-07-01,PCE_Total,6287.6
1999-08-01,PCE_Total,6331.9
1999-09-01,PCE_Total,6386.5
1999-10-01,PCE_Total,6411.4
1999-11-01,PCE_Total,6448.7
1999-12-01,PCE_Total,6541.0
2000-01-01,PCE_Total,6542.9
2000-02-01,PCE_Total,6625.3
2000-03-01,PCE_Total,6686.5
2000-04-01,PCE_Total,6679.1
2000-05-01,PCE_Total,6709.7
2000-06-01,PCE_Total,6746.9
2000-07-01,PCE_Total,6768.5
2000-08-01,PCE_Total,6802.8
2000-09-01,PCE_Total,6888.6
2000-10-01,PCE_Total,6893.8
2000-11-01,PCE_Total,6909.8
2000-12-01,PCE_Total,6952.2
2001-01-01,PCE_Total,6987.4
2001-02-01,PCE_Total,7001.8
2001-03-01,PCE_Total,6996.7
2001-04-01,PCE_Total,7004.2
2001-05-01,PCE_Total,7052.8
2001-06-01,PCE_Total,7069.7
2001-07-01,PCE_Total,7082.3
2001-08-01,PCE_Total,7121.7
2001-09-01,PCE_Total,7007.0
2001-10-01,PCE_Total,7212.9
2001-11-01,PCE_Total,7182.3
2001-12-01,PCE_Total,7166.7
2002-01-01,PCE_Total,7184.6
2002-02-01,PCE_Total,7225.2
2002-03-01,PCE_Total,7243.4
2002-04-01,PCE_Total,7312.5
2002-05-01,PCE_Total,7288.9
2002-06-01,PCE_Total,7322.5
2002-07-01,PCE_Total,7387.3
2002-08-01,PCE_Total,7412.6
2002-09-01,PCE_Total,7391.5
2002-10-01,PCE_Total,7435.2
2002-11-01,PCE_Total,7463.8
2002-12-01,PCE_Total,7519.9
2003-01-01,PCE_Total,7541.3
2003-02-01,PCE_Total,7548.6
2003-03-01,PCE_Total,7611.5
2003-04-01,PCE_Total,7634.5
2003-05-01,PCE_Total,7650.3
2003-06-01,PCE_Total,7699.6
2003-07-01,PCE_Total,7757.0
2003-08-01,PCE_Total,7852.1
2003-09-01,PCE_Total,7853.7
2003-10-01,PCE_Total,7867.4
2003-11-01,PCE_Total,7922.6
2003-12-01,PCE_Total,7950.4
2004-01-01,PCE_Total,8007.1
2004-02-01,PCE_Total,8040.4
2004-03-01,PCE_Total,8098.8
2004-04-01,PCE_Total,8107.2
2004-05-01,PCE_Total,8176.5
2004-06-01,PCE_Total,8157.6
2004-07-01,PCE_Total,8236.9
2004-08-01,PCE_Total,8271.6
2004-09-01,PCE_Total,8341.5
2004-10-01,PCE_Total,8397.1
2004-11-01,PCE_Total,8444.5
2004-12-01,PCE_Total,8504.4
2005-01-01,PCE_Total,8497.7
2005-02-01,PCE_Total,8559.1
2005-03-01,PCE_Total,8598.4
2005-04-01,PCE_Total,8678.4
2005-05-01,PCE_Total,8671.6
2005-06-01,PCE_Total,8753.4
2005-07-01,PCE_Total,8853.8
2005-08-01,PCE_Total,8850.1
2005-09-01,PCE_Total,8900.4
2005-10-01,PCE_Total,8938.5
2005-11-01,PCE_Total,8946.2
2005-12-01,PCE_Total,8981.1
2006-01-01,PCE_Total,9071.6
2006-02-01,PCE_Total,9096.0
2006-03-01,PCE_Total,9132.9
2006-04-01,PCE_Total,9191.6
2006-05-01,PCE_Total,9231.8
2006-06-01,PCE_Total,9259.6
2006-07-01,PCE_Total,9343.8
2006-08-01,PCE_Total,9342.2
2006-09-01,PCE_Total,9375.4
2006-10-01,PCE_Total,9393.6
2006-11-01,PCE_Total,9400.2
2006-12-01,PCE_Total,9488.3
2007-01-01,PCE_Total,9538.7
2007-02-01,PCE_Total,9566.0
2007-03-01,PCE_Total,9611.7
2007-04-01,PCE_Total,9643.6
2007-05-01,PCE_Total,9685.8
2007-06-01,PCE_Total,9706.8
2007-07-01,PCE_Total,9751.1
2007-08-01,PCE_Total,9798.9
2007-09-01,PCE_Total,9845.1
2007-10-01,PCE_Total,9882.7
2007-11-01,PCE_Total,9955.9
2007-12-01,PCE_Total,9972.8
2008-01-01,PCE_Total,9996.4
2008-02-01,PCE_Total,9981.7
2008-03-01,PCE_Total,10035.3
2008-04-01,PCE_Total,10070.3
2008-05-01,PCE_Total,10132.3
2008-06-01,PCE_Total,10187.1
2008-07-01,PCE_Total,10185.1
2008-08-01,PCE_Total,10175.7
2008-09-01,PCE_Total,10116.4
2008-10-01,PCE_Total,10034.1
2008-11-01,PCE_Total,9885.2
2008-12-01,PCE_Total,9801.5
2009-01-01,PCE_Total,9847.2
2009-02-01,PCE_Total,9824.5
2009-03-01,PCE_Total,9773.2
2009-04-01,PCE_Total,9772.5
2009-05-01,PCE_Total,9791.6
2009-06-01,PCE_Total,9852.4
2009-07-01,PCE_Total,9886.3
2009-08-01,PCE_Total,10004.1
2009-09-01,PCE_Total,9927.8
2009-10-01,PCE_Total,9976.7
2009-11-01,PCE_Total,9985.7
2009-12-01,PCE_Total,10052.6
2010-01-01,PCE_Total,10056.1
2010-02-01,PCE_Total,10093.4
2010-03-01,PCE_Total,10156.0
2010-04-01,PCE_Total,10182.3
2010-05-01,PCE_Total,10210.8
2010-06-01,PCE_Total,10231.3
2010-07-01,PCE_Total,10268.1
2010-08-01,PCE_Total,10307.1
2010-09-01,PCE_Total,10327.1
2010-10-01,PCE_Total,10386.4
2010-11-01,PCE_Total,10433.6
2010-12-01,PCE_Total,10471.0
2011-01-01,PCE_Total,10514.3
2011-02-01,PCE_Total,10540.6
2011-03-01,PCE_Total,10619.7
2011-04-01,PCE_Total,10652.1
2011-05-01,PCE_Total,10672.2
2011-06-01,PCE_Total,10694.8
2011-07-01,PCE_Total,10731.6
2011-08-01,PCE_Total,10750.3
2011-09-01,PCE_Total,10783.2
2011-10-01,PCE_Total,10802.9
2011-11-01,PCE_Total,10806.8
2011-12-01,PCE_Total,10817.8
2012-01-01,PCE_Total,10896.8
2012-02-01,PCE_Total,10987.2
2012-03-01,PCE_Total,10993.9
2012-04-01,PCE_Total,11018.5
2012-05-01,PCE_Total,11006.8
2012-06-01,PCE_Total,10989.8
2012-07-01,PCE_Total,11016.8
2012-08-01,PCE_Total,11056.0
2012-09-01,PCE_Total,11105.3
2012-10-01,PCE_Total,11137.4
2012-11-01,PCE_Total,11178.4
2012-12-01,PCE_Total,11181.2
2013-01-01,PCE_Total,11252.4
2013-02-01,PCE_Total,11290.5
2013-03-01,PCE_Total,11290.1
2013-04-01,PCE_Total,11281.1
2013-05-01,PCE_Total,11321.6
2013-06-01,PCE_Total,11344.4
2013-07-01,PCE_Total,11372.6
2013-08-01,PCE_Total,11406.6
2013-09-01,PCE_Total,11445.9
2013-10-01,PCE_Total,11498.0
2013-11-01,PCE_Total,11562.5
2013-12-01,PCE_Total,11593.2
2014-01-01,PCE_Total,11578.8
2014-02-01,PCE_Total,11636.9
2014-03-01,PCE_Total,11722.3
2014-04-01,PCE_Total,11762.3
2014-05-01,PCE_Total,11807.3
2014-06-01,PCE_Total,11861.7
2014-07-01,PCE_Total,11904.4
2014-08-01,PCE_Total,11983.7
2014-09-01,PCE_Total,11991.4
2014-10-01,PCE_Total,12064.7
2014-11-01,PCE_Total,12083.9
2014-12-01,PCE_Total,12096.1
2015-01-01,PCE_Total,12066.7
2015-02-01,PCE_Total,12116.6
2015-03-01,PCE_Total,12176.1
2015-04-01,PCE_Total,12209.1
2015-05-01,PCE_Total,12275.4
2015-06-01,PCE_Total,12307.9
2015-07-01,PCE_Total,12364.9
2015-08-01,PCE_Total,12396.2
2015-09-01,PCE_Total,12386.4
2015-10-01,PCE_Total,12394.9
2015-11-01,PCE_Total,12423.2
2015-12-01,PCE_Total,12452.0
2016-01-01,PCE_Total,12478.0
2016-02-01,PCE_Total,12554.5
2016-03-01,PCE_Total,12537.0
2016-04-01,PCE_Total,12611.5
2016-05-01,PCE_Total,12652.7
2016-06-01,PCE_Total,12731.2
2016-07-01,PCE_Total,12756.7
2016-08-01,PCE_Total,12788.1
2016-09-01,PCE_Total,12846.6
2016-10-01,PCE_Total,12867.0
2016-11-01,PCE_Total,12893.0
2016-12-01,PCE_Total,13005.9
2017-01-01,PCE_Total,13063.7
2017-02-01,PCE_Total,13088.4
2017-03-01,PCE_Total,13139.9
2017-04-01,PCE_Total,13169.2
2017-05-01,PCE_Total,13171.9
2017-06-01,PCE_Total,13225.2
2017-07-01,PCE_Total,13263.3
2017-08-01,PCE_Total,13294.6
2017-09-01,PCE_Total,13417.3
2017-10-01,PCE_Total,13447.5
2017-11-01,PCE_Total,13540.6
2017-12-01,PCE_Total,13666.1
2018-01-01,PCE_Total,13703.3
2018-02-01,PCE_Total,13738.7
2018-03-01,PCE_Total,13793.2
2018-04-01,PCE_Total,13838.4
2018-05-01,PCE_Total,13905.0
2018-06-01,PCE_Total,13930.4
2018-07-01,PCE_Total,13974.8
2018-08-01,PCE_Total,14014.0
2018-09-01,PCE_Total,14017.8
2018-10-01,PCE_Total,14083.1
2018-11-01,PCE_Total,14162.9
2018-12-01,PCE_Total,14051.6
2019-01-01,PCE_Total,14084.6
2019-02-01,PCE_Total,14117.4
2019-03-01,PCE_Total,14248.6
2019-04-01,PCE_Total,14290.0
2019-05-01,PCE_Total,14353.3
2019-06-01,PCE_Total,14408.7
2019-07-01,PCE_Total,14496.0
2019-08-01,PCE_Total,14558.2
2019-09-01,PCE_Total,14590.6
2019-10-01,PCE_Total,14617.4
2019-11-01,PCE_Total,14711.0
2019-12-01,PCE_Total,14774.8
1987-01-01,Goods,1182.6
1987-02-01,Goods,1232.8
1987-03-01,Goods,1232.3
1987-04-01,Goods,1246.6
1987-05-01,Goods,1246.4
1987-06-01,Goods,1261.2
1987-07-01,Goods,1269.7
1987-08-01,Goods,1291.4
1987-09-01,Goods,1282.5
1987-10-01,Goods,1267.2
1987-11-01,Goods,1273.6
1987-12-01,Goods,1289.4
1988-01-01,Goods,1302.5
1988-02-01,Goods,1301.3
1988-03-01,Goods,1322.7
1988-04-01,Goods,1316.9
1988-05-01,Goods,1329.0
1988-06-01,Goods,1334.3
1988-07-01,Goods,1337.0
1988-08-01,Goods,1341.8
1988-09-01,Goods,1344.7
1988-10-01,Goods,1361.7
1988-11-01,Goods,1369.8
1988-12-01,Goods,1385.9
1989-01-01,Goods,1398.8
1989-02-01,Goods,1381.8
1989-03-01,Goods,1386.4
1989-04-01,Goods,1421.0
1989-05-01,Goods,1417.8
1989-06-01,Goods,1424.5
1989-07-01,Goods,1430.0
1989-08-01,Goods,1453.7
1989-09-01,Goods,1442.1
1989-10-01,Goods,1436.9
1989-11-01,Goods,1438.7
1989-12-01,Goods,1454.1
1990-01-01,Goods,1501.7
1990-02-01,Goods,1481.7
1990-03-01,Goods,1485.3
1990-04-01,Goods,1482.2
1990-05-01,Goods,1472.7
1990-06-01,Goods,1482.9
1990-07-01,Goods,1487.4
1990-08-01,Goods,1493.5
1990-09-01,Goods,1509.1
1990-10-01,Goods,1502.5
1990-11-01,Goods,1506.2
1990-12-01,Goods,1490.5
1991-01-01,Goods,1465.7
1991-02-01,Goods,1477.8
1991-03-01,Goods,1514.0
1991-04-01,Goods,1491.7
1991-05-01,Goods,1500.3
1991-06-01,Goods,1499.1
1991-07-01,Goods,1510.5
1991-08-01,Goods,1506.1
1991-09-01,Goods,1509.5
1991-10-01,Goods,1492.6
1991-11-01,Goods,1500.0
1991-12-01,Goods,1501.9
1992-01-01,Goods,1535.6
1992-02-01,Goods,1539.9
1992-03-01,Goods,1526.1
1992-04-01,Goods,1533.3
1992-05-01,Goods,1550.4
1992-06-01,Goods,1561.0
1992-07-01,Goods,1563.5
1992-08-01,Goods,1573.2
1992-09-01,Goods,1582.8
1992-10-01,Goods,1596.6
1992-11-01,Goods,1585.6
1992-12-01,Goods,1611.4
1993-01-01,Goods,1616.6
1993-02-01,Goods,1605.6
1993-03-01,Goods,1598.7
1993-04-01,Goods,1625.4
1993-05-01,Goods,1643.6
1993-06-01,Goods,1633.4
1993-07-01,Goods,1650.5
1993-08-01,Goods,1641.9
1993-09-01,Goods,1655.1
1993-10-01,Goods,1669.0
1993-11-01,Goods,1681.4
1993-12-01,Goods,1686.8
1994-01-01,Goods,1689.6
1994-02-01,Goods,1711.1
1994-03-01,Goods,1716.4
1994-04-01,Goods,1733.1
1994-05-01,Goods,1712.8
1994-06-01,Goods,1734.5
1994-07-01,Goods,1741.4
1994-08-01,Goods,1767.0
1994-09-01,Goods,1768.3
1994-10-01,Goods,1790.7
1994-11-01,Goods,1794.2
1994-12-01,Goods,1799.5
1995-01-01,Goods,1796.5
1995-02-01,Goods,1774.0
1995-03-01,Goods,1793.8
1995-04-01,Goods,1781.5
1995-05-01,Goods,1803.3
1995-06-01,Goods,1826.9
1995-07-01,Goods,1813.9
1995-08-01,Goods,1823.9
1995-09-01,Goods,1840.9
1995-10-01,Goods,1819.6
1995-11-01,Goods,1842.1
1995-12-01,Goods,1870.0
1996-01-01,Goods,1846.0
1996-02-01,Goods,1872.5
1996-03-01,Goods,1894.5
1996-04-01,Goods,1917.0
1996-05-01,Goods,1918.1
1996-06-01,Goods,1912.5
1996-07-01,Goods,1917.2
1996-08-01,Goods,1927.9
1996-09-01,Goods,1932.6
1996-10-01,Goods,1952.0
1996-11-01,Goods,1958.7
1996-12-01,Goods,1963.0
1997-01-01,Goods,1975.4
1997-02-01,Goods,1985.1
1997-03-01,Goods,1999.3
1997-04-01,Goods,1976.0
1997-05-01,Goods,1963.2
1997-06-01,Goods,1983.6
1997-07-01,Goods,2006.8
1997-08-01,Goods,2030.3
1997-09-01,Goods,2023.2
1997-10-01,Goods,2028.6
1997-11-01,Goods,2053.5
1997-12-01,Goods,2052.9
1998-01-01,Goods,2042.5
1998-02-01,Goods,2045.9
1998-03-01,Goods,2044.8
1998-04-01,Goods,2071.7
1998-05-01,Goods,2096.0
1998-06-01,Goods,2099.8
1998-07-01,Goods,2103.5
1998-08-01,Goods,2118.1
1998-09-01,Goods,2138.0
1998-10-01,Goods,2164.3
1998-11-01,Goods,2171.9
1998-12-01,Goods,2204.9
1999-01-01,Goods,2188.3
1999-02-01,Goods,2208.9
1999-03-01,Goods,2217.4
1999-04-01,Goods,2255.6
1999-05-01,Goods,2276.1
1999-06-01,Goods,2287.5
1999-07-01,Goods,2287.1
1999-08-01,Goods,2311.2
1999-09-01,Goods,2335.5
1999-10-01,Goods,2330.2
1999-11-01,Goods,2339.0
1999-12-01,Goods,2407.9
2000-01-01,Goods,2372.3
2000-02-01,Goods,2416.1
2000-03-01,Goods,2450.9
2000-04-01,Goods,2428.8
2000-05-01,Goods,2439.0
2000-06-01,Goods,2443.3
2000-07-01,Goods,2445.1
2000-08-01,Goods,2455.2
2000-09-01,Goods,2507.1
2000-10-01,Goods,2493.2
2000-11-01,Goods,2485.9
2000-12-01,Goods,2501.2
2001-01-01,Goods,2498.5
2001-02-01,Goods,2513.8
2001-03-01,Goods,2485.4
2001-04-01,Goods,2490.4
2001-05-01,Goods,2519.0
2001-06-01,Goods,2520.9
2001-07-01,Goods,2517.0
2001-08-01,Goods,2532.7
2001-09-01,Goods,2496.0
2001-10-01,Goods,2627.1
2001-11-01,Goods,2577.6
2001-12-01,Goods,2528.7
2002-01-01,Goods,2549.3
2002-02-01,Goods,2567.6
2002-03-01,Goods,2568.7
2002-04-01,Goods,2608.8
2002-05-01,Goods,2565.2
2002-06-01,Goods,2586.7
2002-07-01,Goods,2619.1
2002-08-01,Goods,2635.9
2002-09-01,Goods,2600.2
2002-10-01,Goods,2604.8
2002-11-01,Goods,2623.5
2002-12-01,Goods,2655.6
2003-01-01,Goods,2649.7
2003-02-01,Goods,2643.4
2003-03-01,Goods,2679.0
2003-04-01,Goods,2680.1
2003-05-01,Goods,2658.7
2003-06-01,Goods,2694.9
2003-07-01,Goods,2721.7
2003-08-01,Goods,2792.4
2003-09-01,Goods,2784.7
2003-10-01,Goods,2766.2
2003-11-01,Goods,2799.6
2003-12-01,Goods,2801.0
2004-01-01,Goods,2823.4
2004-02-01,Goods,2830.0
2004-03-01,Goods,2876.3
2004-04-01,Goods,2850.9
2004-05-01,Goods,2901.5
2004-06-01,Goods,2854.5
2004-07-01,Goods,2892.0
2004-08-01,Goods,2904.1
2004-09-01,Goods,2937.9
2004-10-01,Goods,2966.6
2004-11-01,Goods,2980.6
2004-12-01,Goods,3006.4
2005-01-01,Goods,2982.5
2005-02-01,Goods,3010.4
2005-03-01,Goods,3012.9
2005-04-01,Goods,3065.2
2005-05-01,Goods,3029.7
2005-06-01,Goods,3077.3
2005-07-01,Goods,3149.5
2005-08-01,Goods,3123.9
2005-09-01,Goods,3140.1
2005-10-01,Goods,3151.4
2005-11-01,Goods,3119.7
2005-12-01,Goods,3132.3
2006-01-01,Goods,3209.7
2006-02-01,Goods,3191.4
2006-03-01,Goods,3189.4
2006-04-01,Goods,3223.1
2006-05-01,Goods,3223.3
2006-06-01,Goods,3231.9
2006-07-01,Goods,3285.5
2006-08-01,Goods,3269.0
2006-09-01,Goods,3265.8
2006-10-01,Goods,3251.4
2006-11-01,Goods,3236.4
2006-12-01,Goods,3298.9
2007-01-01,Goods,3299.7
2007-02-01,Goods,3296.0
2007-03-01,Goods,3328.7
2007-04-01,Goods,3332.2
2007-05-01,Goods,3368.0
2007-06-01,Goods,3355.2
2007-07-01,Goods,3375.5
2007-08-01,Goods,3366.9
2007-09-01,Goods,3397.6
2007-10-01,Goods,3406.0
2007-11-01,Goods,3442.7
2007-12-01,Goods,3435.9
2008-01-01,Goods,3421.0
2008-02-01,Goods,3386.8
2008-03-01,Goods,3411.3
2008-04-01,Goods,3415.3
2008-05-01,Goods,3444.4
2008-06-01,Goods,3471.0
2008-07-01,Goods,3456.2
2008-08-01,Goods,3451.2
2008-09-01,Goods,3376.3
2008-10-01,Goods,3289.5
2008-11-01,Goods,3155.4
2008-12-01,Goods,3080.3
2009-01-01,Goods,3133.3
2009-02-01,Goods,3136.4
2009-03-01,Goods,3090.4
2009-04-01,Goods,3098.4
2009-05-01,Goods,3130.6
2009-06-01,Goods,3174.5
2009-07-01,Goods,3195.8
2009-08-01,Goods,3286.9
2009-09-01,Goods,3202.7
2009-10-01,Goods,3222.4
2009-11-01,Goods,3237.1
2009-12-01,Goods,3251.8
2010-01-01,Goods,3247.6
2010-02-01,Goods,3251.8
2010-03-01,Goods,3299.1
2010-04-01,Goods,3303.0
2010-05-01,Goods,3282.9
2010-06-01,Goods,3287.8
2010-07-01,Goods,3293.7
2010-08-01,Goods,3315.9
2010-09-01,Goods,3335.8
2010-10-01,Goods,3377.1
2010-11-01,Goods,3400.9
2010-12-01,Goods,3418.5
2011-01-01,Goods,3450.4
2011-02-01,Goods,3457.2
2011-03-01,Goods,3499.5
2011-04-01,Goods,3521.3
2011-05-01,Goods,3506.3
2011-06-01,Goods,3515.8
2011-07-01,Goods,3516.2
2011-08-01,Goods,3519.1
2011-09-01,Goods,3548.0
2011-10-01,Goods,3561.3
2011-11-01,Goods,3562.6
2011-12-01,Goods,3559.8
2012-01-01,Goods,3600.4
2012-02-01,Goods,3647.2
2012-03-01,Goods,3638.5
2012-04-01,Goods,3638.0
2012-05-01,Goods,3620.0
2012-06-01,Goods,3591.1
2012-07-01,Goods,3595.0
2012-08-01,Goods,3636.9
2012-09-01,Goods,3663.5
2012-10-01,Goods,3665.6
2012-11-01,Goods,3679.3
2012-12-01,Goods,3677.3
2013-01-01,Goods,3736.5
2013-02-01,Goods,3755.9
2013-03-01,Goods,3717.7
2013-04-01,Goods,3696.2
2013-05-01,Goods,3716.2
2013-06-01,Goods,3719.1
2013-07-01,Goods,3742.9
2013-08-01,Goods,3741.1
2013-09-01,Goods,3751.9
2013-10-01,Goods,3760.6
2013-11-01,Goods,3783.2
2013-12-01,Goods,3784.9
2014-01-01,Goods,3766.9
2014-02-01,Goods,3819.7
2014-03-01,Goods,3844.4
2014-04-01,Goods,3873.7
2014-05-01,Goods,3879.8
2014-06-01,Goods,3904.0
2014-07-01,Goods,3914.3
2014-08-01,Goods,3934.1
2014-09-01,Goods,3917.3
2014-10-01,Goods,3936.0
2014-11-01,Goods,3934.8
2014-12-01,Goods,3913.9
2015-01-01,Goods,3867.2
2015-02-01,Goods,3888.3
2015-03-01,Goods,3934.9
2015-04-01,Goods,3933.3
2015-05-01,Goods,3968.9
2015-06-01,Goods,3974.5
2015-07-01,Goods,4001.2
2015-08-01,Goods,4003.4
2015-09-01,Goods,3976.2
2015-10-01,Goods,3954.7
2015-11-01,Goods,3981.5
2015-12-01,Goods,3977.4
2016-01-01,Goods,3959.9
2016-02-01,Goods,3984.1
2016-03-01,Goods,3970.6
2016-04-01,Goods,3999.2
2016-05-01,Goods,4012.5
2016-06-01,Goods,4059.8
2016-07-01,Goods,4041.9
2016-08-01,Goods,4045.6
2016-09-01,Goods,4064.8
2016-10-01,Goods,4077.0
2016-11-01,Goods,4058.4
2016-12-01,Goods,4122.7
2017-01-01,Goods,4136.4
2017-02-01,Goods,4148.0
2017-03-01,Goods,4150.2
2017-04-01,Goods,4169.4
2017-05-01,Goods,4144.6
2017-06-01,Goods,4175.0
2017-07-01,Goods,4175.7
2017-08-01,Goods,4192.3
2017-09-01,Goods,4280.2
2017-10-01,Goods,4272.9
2017-11-01,Goods,4323.9
2017-12-01,Goods,4378.1
2018-01-01,Goods,4385.1
2018-02-01,Goods,4397.6
2018-03-01,Goods,4381.1
2018-04-01,Goods,4387.5
2018-05-01,Goods,4438.1
2018-06-01,Goods,4404.1
2018-07-01,Goods,4418.9
2018-08-01,Goods,4426.1
2018-09-01,Goods,4422.3
2018-10-01,Goods,4441.9
2018-11-01,Goods,4495.8
2018-12-01,Goods,4371.9
2019-01-01,Goods,4399.3
2019-02-01,Goods,4409.2
2019-03-01,Goods,4481.7
2019-04-01,Goods,4498.8
2019-05-01,Goods,4536.8
2019-06-01,Goods,4548.4
2019-07-01,Goods,4574.3
2019-08-01,Goods,4581.4
2019-09-01,Goods,4572.9
2019-10-01,Goods,4565.8
2019-11-01,Goods,4603.4
2019-12-01,Goods,4621.8
1987-01-01,Gasoline_and_Energy_Goods,87.1
1987-02-01,Gasoline_and_Energy_Goods,93.3
1987-03-01,Gasoline_and_Energy_Goods,94.5
1987-04-01,Gasoline_and_Energy_Goods,94.9
1987-05-01,Gasoline_and_Energy_Goods,97.8
1987-06-01,Gasoline_and_Energy_Goods,96.0
1987-07-01,Gasoline_and_Energy_Goods,96.9
1987-08-01,Gasoline_and_Energy_Goods,97.7
1987-09-01,Gasoline_and_Energy_Goods,99.2
1987-10-01,Gasoline_and_Energy_Goods,99.2
1987-11-01,Gasoline_and_Energy_Goods,100.7
1987-12-01,Gasoline_and_Energy_Goods,99.2
1988-01-01,Gasoline_and_Energy_Goods,99.7
1988-02-01,Gasoline_and_Energy_Goods,97.3
1988-03-01,Gasoline_and_Energy_Goods,98.3
1988-04-01,Gasoline_and_Energy_Goods,99.7
1988-05-01,Gasoline_and_Energy_Goods,98.6
1988-06-01,Gasoline_and_Energy_Goods,100.6
1988-07-01,Gasoline_and_Energy_Goods,100.0
1988-08-01,Gasoline_and_Energy_Goods,101.2
1988-09-01,Gasoline_and_Energy_Goods,101.4
1988-10-01,Gasoline_and_Energy_Goods,101.0
1988-11-01,Gasoline_and_Energy_Goods,101.0
1988-12-01,Gasoline_and_Energy_Goods,99.5
1989-01-01,Gasoline_and_Energy_Goods,99.7
1989-02-01,Gasoline_and_Energy_Goods,104.7
1989-03-01,Gasoline_and_Energy_Goods,106.1
1989-04-01,Gasoline_and_Energy_Goods,114.3
1989-05-01,Gasoline_and_Energy_Goods,117.6
1989-06-01,Gasoline_and_Energy_Goods,116.7
1989-07-01,Gasoline_and_Energy_Goods,112.7
1989-08-01,Gasoline_and_Energy_Goods,111.0
1989-09-01,Gasoline_and_Energy_Goods,108.3
1989-10-01,Gasoline_and_Energy_Goods,110.7
1989-11-01,Gasoline_and_Energy_Goods,108.6
1989-12-01,Gasoline_and_Energy_Goods,114.8
1990-01-01,Gasoline_and_Energy_Goods,114.5
1990-02-01,Gasoline_and_Energy_Goods,119.0
1990-03-01,Gasoline_and_Energy_Goods,115.8
1990-04-01,Gasoline_and_Energy_Goods,114.6
1990-05-01,Gasoline_and_Energy_Goods,112.7
1990-06-01,Gasoline_and_Energy_Goods,114.1
1990-07-01,Gasoline_and_Energy_Goods,115.9
1990-08-01,Gasoline_and_Energy_Goods,128.4
1990-09-01,Gasoline_and_Energy_Goods,132.0
1990-10-01,Gasoline_and_Energy_Goods,141.5
1990-11-01,Gasoline_and_Energy_Goods,141.9
1990-12-01,Gasoline_and_Energy_Goods,140.0
1991-01-01,Gasoline_and_Energy_Goods,132.9
1991-02-01,Gasoline_and_Energy_Goods,123.7
1991-03-01,Gasoline_and_Energy_Goods,117.6
1991-04-01,Gasoline_and_Energy_Goods,117.6
1991-05-01,Gasoline_and_Energy_Goods,120.7
1991-06-01,Gasoline_and_Energy_Goods,120.4
1991-07-01,Gasoline_and_Energy_Goods,119.8
1991-08-01,Gasoline_and_Energy_Goods,119.2
1991-09-01,Gasoline_and_Energy_Goods,120.3
1991-10-01,Gasoline_and_Energy_Goods,119.5
1991-11-01,Gasoline_and_Energy_Goods,118.7
1991-12-01,Gasoline_and_Energy_Goods,123.2
1992-01-01,Gasoline_and_Energy_Goods,120.8
1992-02-01,Gasoline_and_Energy_Goods,117.3
1992-03-01,Gasoline_and_Energy_Goods,122.2
1992-04-01,Gasoline_and_Energy_Goods,122.9
1992-05-01,Gasoline_and_Energy_Goods,124.9
1992-06-01,Gasoline_and_Energy_Goods,124.5
1992-07-01,Gasoline_and_Energy_Goods,126.8
1992-08-01,Gasoline_and_Energy_Goods,125.9
1992-09-01,Gasoline_and_Energy_Goods,127.8
1992-10-01,Gasoline_and_Energy_Goods,127.6
1992-11-01,Gasoline_and_Energy_Goods,128.7
1992-12-01,Gasoline_and_Energy_Goods,130.6
1993-01-01,Gasoline_and_Energy_Goods,126.1
1993-02-01,Gasoline_and_Energy_Goods,130.1
1993-03-01,Gasoline_and_Energy_Goods,129.7
1993-04-01,Gasoline_and_Energy_Goods,127.2
1993-05-01,Gasoline_and_Energy_Goods,128.4
1993-06-01,Gasoline_and_Energy_Goods,123.7
1993-07-01,Gasoline_and_Energy_Goods,124.0
1993-08-01,Gasoline_and_Energy_Goods,126.2
1993-09-01,Gasoline_and_Energy_Goods,125.0
1993-10-01,Gasoline_and_Energy_Goods,127.8
1993-11-01,Gasoline_and_Energy_Goods,128.6
1993-12-01,Gasoline_and_Energy_Goods,125.8
1994-01-01,Gasoline_and_Energy_Goods,129.0
1994-02-01,Gasoline_and_Energy_Goods,128.9
1994-03-01,Gasoline_and_Energy_Goods,124.2
1994-04-01,Gasoline_and_Energy_Goods,125.0
1994-05-01,Gasoline_and_Energy_Goods,124.1
1994-06-01,Gasoline_and_Energy_Goods,125.3
1994-07-01,Gasoline_and_Energy_Goods,130.1
1994-08-01,Gasoline_and_Energy_Goods,134.4
1994-09-01,Gasoline_and_Energy_Goods,132.2
1994-10-01,Gasoline_and_Energy_Goods,132.3
1994-11-01,Gasoline_and_Energy_Goods,129.9
1994-12-01,Gasoline_and_Energy_Goods,135.2
1995-01-01,Gasoline_and_Energy_Goods,133.8
1995-02-01,Gasoline_and_Energy_Goods,136.1
1995-03-01,Gasoline_and_Energy_Goods,133.7
1995-04-01,Gasoline_and_Energy_Goods,133.8
1995-05-01,Gasoline_and_Energy_Goods,135.9
1995-06-01,Gasoline_and_Energy_Goods,137.6
1995-07-01,Gasoline_and_Energy_Goods,134.5
1995-08-01,Gasoline_and_Energy_Goods,132.6
1995-09-01,Gasoline_and_Energy_Goods,130.7
1995-10-01,Gasoline_and_Energy_Goods,130.1
1995-11-01,Gasoline_and_Energy_Goods,130.3
1995-12-01,Gasoline_and_Energy_Goods,131.8
1996-01-01,Gasoline_and_Energy_Goods,137.5
1996-02-01,Gasoline_and_Energy_Goods,135.5
1996-03-01,Gasoline_and_Energy_Goods,144.3
1996-04-01,Gasoline_and_Energy_Goods,148.1
1996-05-01,Gasoline_and_Energy_Goods,148.9
1996-06-01,Gasoline_and_Energy_Goods,146.5
1996-07-01,Gasoline_and_Energy_Goods,145.1
1996-08-01,Gasoline_and_Energy_Goods,144.0
1996-09-01,Gasoline_and_Energy_Goods,141.3
1996-10-01,Gasoline_and_Energy_Goods,146.4
1996-11-01,Gasoline_and_Energy_Goods,148.6
1996-12-01,Gasoline_and_Energy_Goods,150.8
1997-01-01,Gasoline_and_Energy_Goods,150.4
1997-02-01,Gasoline_and_Energy_Goods,153.9
1997-03-01,Gasoline_and_Energy_Goods,152.2
1997-04-01,Gasoline_and_Energy_Goods,147.7
1997-05-01,Gasoline_and_Energy_Goods,141.9
1997-06-01,Gasoline_and_Energy_Goods,143.4
1997-07-01,Gasoline_and_Energy_Goods,143.2
1997-08-01,Gasoline_and_Energy_Goods,146.9
1997-09-01,Gasoline_and_Energy_Goods,149.4
1997-10-01,Gasoline_and_Energy_Goods,147.8
1997-11-01,Gasoline_and_Energy_Goods,149.0
1997-12-01,Gasoline_and_Energy_Goods,146.3
1998-01-01,Gasoline_and_Energy_Goods,140.9
1998-02-01,Gasoline_and_Energy_Goods,135.4
1998-03-01,Gasoline_and_Energy_Goods,132.2
1998-04-01,Gasoline_and_Energy_Goods,130.2
1998-05-01,Gasoline_and_Energy_Goods,131.5
1998-06-01,Gasoline_and_Energy_Goods,133.6
1998-07-01,Gasoline_and_Energy_Goods,133.6
1998-08-01,Gasoline_and_Energy_Goods,131.8
1998-09-01,Gasoline_and_Energy_Goods,130.7
1998-10-01,Gasoline_and_Energy_Goods,131.3
1998-11-01,Gasoline_and_Energy_Goods,129.8
1998-12-01,Gasoline_and_Energy_Goods,127.2
1999-01-01,Gasoline_and_Energy_Goods,125.9
1999-02-01,Gasoline_and_Energy_Goods,125.0
1999-03-01,Gasoline_and_Energy_Goods,128.0
1999-04-01,Gasoline_and_Energy_Goods,144.6
1999-05-01,Gasoline_and_Energy_Goods,143.9
1999-06-01,Gasoline_and_Energy_Goods,144.0
1999-07-01,Gasoline_and_Energy_Goods,149.6
1999-08-01,Gasoline_and_Energy_Goods,153.1
1999-09-01,Gasoline_and_Energy_Goods,157.5
1999-10-01,Gasoline_and_Energy_Goods,162.1
1999-11-01,Gasoline_and_Energy_Goods,154.8
1999-12-01,Gasoline_and_Energy_Goods,170.0
2000-01-01,Gasoline_and_Energy_Goods,164.8
2000-02-01,Gasoline_and_Energy_Goods,172.6
2000-03-01,Gasoline_and_Energy_Goods,187.2
2000-04-01,Gasoline_and_Energy_Goods,180.2
2000-05-01,Gasoline_and_Energy_Goods,179.6
2000-06-01,Gasoline_and_Energy_Goods,191.0
2000-07-01,Gasoline_and_Energy_Goods,190.4
2000-08-01,Gasoline_and_Energy_Goods,183.3
2000-09-01,Gasoline_and_Energy_Goods,194.4
2000-10-01,Gasoline_and_Energy_Goods,190.5
2000-11-01,Gasoline_and_Energy_Goods,187.0
2000-12-01,Gasoline_and_Energy_Goods,193.2
2001-01-01,Gasoline_and_Energy_Goods,190.3
2001-02-01,Gasoline_and_Energy_Goods,186.2
2001-03-01,Gasoline_and_Energy_Goods,181.0
2001-04-01,Gasoline_and_Energy_Goods,185.3
2001-05-01,Gasoline_and_Energy_Goods,197.5
2001-06-01,Gasoline_and_Energy_Goods,188.2
2001-07-01,Gasoline_and_Energy_Goods,180.5
2001-08-01,Gasoline_and_Energy_Goods,171.7
2001-09-01,Gasoline_and_Energy_Goods,187.2
2001-10-01,Gasoline_and_Energy_Goods,168.6
2001-11-01,Gasoline_and_Energy_Goods,154.7
2001-12-01,Gasoline_and_Energy_Goods,144.6
2002-01-01,Gasoline_and_Energy_Goods,144.6
2002-02-01,Gasoline_and_Energy_Goods,146.6
2002-03-01,Gasoline_and_Energy_Goods,155.6
2002-04-01,Gasoline_and_Energy_Goods,165.6
2002-05-01,Gasoline_and_Energy_Goods,169.4
2002-06-01,Gasoline_and_Energy_Goods,171.3
2002-07-01,Gasoline_and_Energy_Goods,171.0
2002-08-01,Gasoline_and_Energy_Goods,175.1
2002-09-01,Gasoline_and_Energy_Goods,174.1
2002-10-01,Gasoline_and_Energy_Goods,179.0
2002-11-01,Gasoline_and_Energy_Goods,181.1
2002-12-01,Gasoline_and_Energy_Goods,181.5
2003-01-01,Gasoline_and_Energy_Goods,195.7
2003-02-01,Gasoline_and_Energy_Goods,213.0
2003-03-01,Gasoline_and_Energy_Goods,211.4
2003-04-01,Gasoline_and_Energy_Goods,192.3
2003-05-01,Gasoline_and_Energy_Goods,172.6
2003-06-01,Gasoline_and_Energy_Goods,175.1
2003-07-01,Gasoline_and_Energy_Goods,179.2
2003-08-01,Gasoline_and_Energy_Goods,201.5
2003-09-01,Gasoline_and_Energy_Goods,211.3
2003-10-01,Gasoline_and_Energy_Goods,200.1
2003-11-01,Gasoline_and_Energy_Goods,200.7
2003-12-01,Gasoline_and_Energy_Goods,203.9
2004-01-01,Gasoline_and_Energy_Goods,218.3
2004-02-01,Gasoline_and_Energy_Goods,217.5
2004-03-01,Gasoline_and_Energy_Goods,221.0
2004-04-01,Gasoline_and_Energy_Goods,214.7
2004-05-01,Gasoline_and_Energy_Goods,226.8
2004-06-01,Gasoline_and_Energy_Goods,232.5
2004-07-01,Gasoline_and_Energy_Goods,228.3
2004-08-01,Gasoline_and_Energy_Goods,231.2
2004-09-01,Gasoline_and_Energy_Goods,233.0
2004-10-01,Gasoline_and_Energy_Goods,252.9
2004-11-01,Gasoline_and_Energy_Goods,261.5
2004-12-01,Gasoline_and_Energy_Goods,255.3
2005-01-01,Gasoline_and_Energy_Goods,251.2
2005-02-01,Gasoline_and_Energy_Goods,255.9
2005-03-01,Gasoline_and_Energy_Goods,258.1
2005-04-01,Gasoline_and_Energy_Goods,268.5
2005-05-01,Gasoline_and_Energy_Goods,254.7
2005-06-01,Gasoline_and_Energy_Goods,252.1
2005-07-01,Gasoline_and_Energy_Goods,279.5
2005-08-01,Gasoline_and_Energy_Goods,306.7
2005-09-01,Gasoline_and_Energy_Goods,349.6
2005-10-01,Gasoline_and_Energy_Goods,341.4
2005-11-01,Gasoline_and_Energy_Goods,294.3
2005-12-01,Gasoline_and_Energy_Goods,293.3
2006-01-01,Gasoline_and_Energy_Goods,309.3
2006-02-01,Gasoline_and_Energy_Goods,305.0
2006-03-01,Gasoline_and_Energy_Goods,298.8
2006-04-01,Gasoline_and_Energy_Goods,324.9
2006-05-01,Gasoline_and_Energy_Goods,328.5
2006-06-01,Gasoline_and_Energy_Goods,329.2
2006-07-01,Gasoline_and_Energy_Goods,361.0
2006-08-01,Gasoline_and_Energy_Goods,362.1
2006-09-01,Gasoline_and_Energy_Goods,324.4
2006-10-01,Gasoline_and_Energy_Goods,294.4
2006-11-01,Gasoline_and_Energy_Goods,287.6
2006-12-01,Gasoline_and_Energy_Goods,310.5
2007-01-01,Gasoline_and_Energy_Goods,302.0
2007-02-01,Gasoline_and_Energy_Goods,310.9
2007-03-01,Gasoline_and_Energy_Goods,323.0
2007-04-01,Gasoline_and_Energy_Goods,336.8
2007-05-01,Gasoline_and_Energy_Goods,344.0
2007-06-01,Gasoline_and_Energy_Goods,344.1
2007-07-01,Gasoline_and_Energy_Goods,353.5
2007-08-01,Gasoline_and_Energy_Goods,337.5
2007-09-01,Gasoline_and_Energy_Goods,356.5
2007-10-01,Gasoline_and_Energy_Goods,354.6
2007-11-01,Gasoline_and_Energy_Goods,385.8
2007-12-01,Gasoline_and_Energy_Goods,398.0
2008-01-01,Gasoline_and_Energy_Goods,391.6
2008-02-01,Gasoline_and_Energy_Goods,384.8
2008-03-01,Gasoline_and_Energy_Goods,410.5
2008-04-01,Gasoline_and_Energy_Goods,398.8
2008-05-01,Gasoline_and_Energy_Goods,413.0
2008-06-01,Gasoline_and_Energy_Goods,451.6
2008-07-01,Gasoline_and_Energy_Goods,460.5
2008-08-01,Gasoline_and_Energy_Goods,444.0
2008-09-01,Gasoline_and_Energy_Goods,432.1
2008-10-01,Gasoline_and_Energy_Goods,397.0
2008-11-01,Gasoline_and_Energy_Goods,282.4
2008-12-01,Gasoline_and_Energy_Goods,226.7
2009-01-01,Gasoline_and_Energy_Goods,235.4
2009-02-01,Gasoline_and_Energy_Goods,256.6
2009-03-01,Gasoline_and_Energy_Goods,241.9
2009-04-01,Gasoline_and_Energy_Goods,243.2
2009-05-01,Gasoline_and_Energy_Goods,253.1
2009-06-01,Gasoline_and_Energy_Goods,299.0
2009-07-01,Gasoline_and_Energy_Goods,297.5
2009-08-01,Gasoline_and_Energy_Goods,314.8
2009-09-01,Gasoline_and_Energy_Goods,314.4
2009-10-01,Gasoline_and_Energy_Goods,322.4
2009-11-01,Gasoline_and_Energy_Goods,333.5
2009-12-01,Gasoline_and_Energy_Goods,332.6
2010-01-01,Gasoline_and_Energy_Goods,339.3
2010-02-01,Gasoline_and_Energy_Goods,326.8
2010-03-01,Gasoline_and_Energy_Goods,323.2
2010-04-01,Gasoline_and_Energy_Goods,328.9
2010-05-01,Gasoline_and_Energy_Goods,321.7
2010-06-01,Gasoline_and_Energy_Goods,317.7
2010-07-01,Gasoline_and_Energy_Goods,324.3
2010-08-01,Gasoline_and_Energy_Goods,328.3
2010-09-01,Gasoline_and_Energy_Goods,337.1
2010-10-01,Gasoline_and_Energy_Goods,352.1
2010-11-01,Gasoline_and_Energy_Goods,358.4
2010-12-01,Gasoline_and_Energy_Goods,382.9
2011-01-01,Gasoline_and_Energy_Goods,384.1
2011-02-01,Gasoline_and_Energy_Goods,389.4
2011-03-01,Gasoline_and_Energy_Goods,411.6
2011-04-01,Gasoline_and_Energy_Goods,425.2
2011-05-01,Gasoline_and_Energy_Goods,425.7
2011-06-01,Gasoline_and_Energy_Goods,419.6
2011-07-01,Gasoline_and_Energy_Goods,418.6
2011-08-01,Gasoline_and_Energy_Goods,417.3
2011-09-01,Gasoline_and_Energy_Goods,424.8
2011-10-01,Gasoline_and_Energy_Goods,417.2
2011-11-01,Gasoline_and_Energy_Goods,419.9
2011-12-01,Gasoline_and_Energy_Goods,412.3
2012-01-01,Gasoline_and_Energy_Goods,414.5
2012-02-01,Gasoline_and_Energy_Goods,433.5
2012-03-01,Gasoline_and_Energy_Goods,429.3
2012-04-01,Gasoline_and_Energy_Goods,431.4
2012-05-01,Gasoline_and_Energy_Goods,419.6
2012-06-01,Gasoline_and_Energy_Goods,399.9
2012-07-01,Gasoline_and_Energy_Goods,386.6
2012-08-01,Gasoline_and_Energy_Goods,431.3
2012-09-01,Gasoline_and_Energy_Goods,436.3
2012-10-01,Gasoline_and_Energy_Goods,449.3
2012-11-01,Gasoline_and_Energy_Goods,425.5
2012-12-01,Gasoline_and_Energy_Goods,406.0
2013-01-01,Gasoline_and_Energy_Goods,426.7
2013-02-01,Gasoline_and_Energy_Goods,444.8
2013-03-01,Gasoline_and_Energy_Goods,427.2
2013-04-01,Gasoline_and_Energy_Goods,411.2
2013-05-01,Gasoline_and_Energy_Goods,409.9
2013-06-01,Gasoline_and_Energy_Goods,413.4
2013-07-01,Gasoline_and_Energy_Goods,417.3
2013-08-01,Gasoline_and_Energy_Goods,422.0
2013-09-01,Gasoline_and_Energy_Goods,418.4
2013-10-01,Gasoline_and_Energy_Goods,415.9
2013-11-01,Gasoline_and_Energy_Goods,426.7
2013-12-01,Gasoline_and_Energy_Goods,425.9
2014-01-01,Gasoline_and_Energy_Goods,432.9
2014-02-01,Gasoline_and_Energy_Goods,433.9
2014-03-01,Gasoline_and_Energy_Goods,420.0
2014-04-01,Gasoline_and_Energy_Goods,431.3
2014-05-01,Gasoline_and_Energy_Goods,421.9
2014-06-01,Gasoline_and_Energy_Goods,418.8
2014-07-01,Gasoline_and_Energy_Goods,423.6
2014-08-01,Gasoline_and_Energy_Goods,420.0
2014-09-01,Gasoline_and_Energy_Goods,399.6
2014-10-01,Gasoline_and_Energy_Goods,400.4
2014-11-01,Gasoline_and_Energy_Goods,380.5
2014-12-01,Gasoline_and_Energy_Goods,348.0
2015-01-01,Gasoline_and_Energy_Goods,301.2
2015-02-01,Gasoline_and_Energy_Goods,315.3
2015-03-01,Gasoline_and_Energy_Goods,323.4
2015-04-01,Gasoline_and_Energy_Goods,318.4
2015-05-01,Gasoline_and_Energy_Goods,338.1
2015-06-01,Gasoline_and_Energy_Goods,343.5
2015-07-01,Gasoline_and_Energy_Goods,347.1
2015-08-01,Gasoline_and_Energy_Goods,339.5
2015-09-01,Gasoline_and_Energy_Goods,307.7
2015-10-01,Gasoline_and_Energy_Goods,303.0
2015-11-01,Gasoline_and_Energy_Goods,299.8
2015-12-01,Gasoline_and_Energy_Goods,288.5
2016-01-01,Gasoline_and_Energy_Goods,276.4
2016-02-01,Gasoline_and_Energy_Goods,251.7
2016-03-01,Gasoline_and_Energy_Goods,272.1
2016-04-01,Gasoline_and_Energy_Goods,282.1
2016-05-01,Gasoline_and_Energy_Goods,288.4
2016-06-01,Gasoline_and_Energy_Goods,299.1
2016-07-01,Gasoline_and_Energy_Goods,285.3
2016-08-01,Gasoline_and_Energy_Goods,281.6
2016-09-01,Gasoline_and_Energy_Goods,292.9
2016-10-01,Gasoline_and_Energy_Goods,295.6
2016-11-01,Gasoline_and_Energy_Goods,301.7
2016-12-01,Gasoline_and_Energy_Goods,317.3
2017-01-01,Gasoline_and_Energy_Goods,320.7
2017-02-01,Gasoline_and_Energy_Goods,326.1
2017-03-01,Gasoline_and_Energy_Goods,323.2
2017-04-01,Gasoline_and_Energy_Goods,320.0
2017-05-01,Gasoline_and_Energy_Goods,306.4
2017-06-01,Gasoline_and_Energy_Goods,303.2
2017-07-01,Gasoline_and_Energy_Goods,296.3
2017-08-01,Gasoline_and_Energy_Goods,312.3
2017-09-01,Gasoline_and_Energy_Goods,346.9
2017-10-01,Gasoline_and_Energy_Goods,333.5
2017-11-01,Gasoline_and_Energy_Goods,344.4
2017-12-01,Gasoline_and_Energy_Goods,354.8
2018-01-01,Gasoline_and_Energy_Goods,362.1
2018-02-01,Gasoline_and_Energy_Goods,355.2
2018-03-01,Gasoline_and_Energy_Goods,360.0
2018-04-01,Gasoline_and_Energy_Goods,362.5
2018-05-01,Gasoline_and_Energy_Goods,369.5
2018-06-01,Gasoline_and_Energy_Goods,374.8
2018-07-01,Gasoline_and_Energy_Goods,370.0
2018-08-01,Gasoline_and_Energy_Goods,376.8
2018-09-01,Gasoline_and_Energy_Goods,376.8
2018-10-01,Gasoline_and_Energy_Goods,381.2
2018-11-01,Gasoline_and_Energy_Goods,363.4
2018-12-01,Gasoline_and_Energy_Goods,347.8
2019-01-01,Gasoline_and_Energy_Goods,324.0
2019-02-01,Gasoline_and_Energy_Goods,339.7
2019-03-01,Gasoline_and_Energy_Goods,353.6
2019-04-01,Gasoline_and_Energy_Goods,376.3
2019-05-01,Gasoline_and_Energy_Goods,366.6
2019-06-01,Gasoline_and_Energy_Goods,354.3
2019-07-01,Gasoline_and_Energy_Goods,353.3
2019-08-01,Gasoline_and_Energy_Goods,352.9
2019-09-01,Gasoline_and_Energy_Goods,344.0
2019-10-01,Gasoline_and_Energy_Goods,349.0
2019-11-01,Gasoline_and_Energy_Goods,356.3
2019-12-01,Gasoline_and_Energy_Goods,360.1
1987-01-01,Services,1752.9
1987-02-01,Services,1769.0
1987-03-01,Services,1781.0
1987-04-01,Services,1792.2
1987-05-01,Services,1802.0
1987-06-01,Services,1811.6
1987-07-01,Services,1825.0
1987-08-01,Services,1839.4
1987-09-01,Services,1844.0
1987-10-01,Services,1867.3
1987-11-01,Services,1870.6
1987-12-01,Services,1884.7
1988-01-01,Services,1911.3
1988-02-01,Services,1920.1
1988-03-01,Services,1937.9
1988-04-01,Services,1946.1
1988-05-01,Services,1964.6
1988-06-01,Services,1984.2
1988-07-01,Services,2005.7
1988-08-01,Services,2026.2
1988-09-01,Services,2030.3
1988-10-01,Services,2051.9
1988-11-01,Services,2060.4
1988-12-01,Services,2073.8
1989-01-01,Services,2085.0
1989-02-01,Services,2106.3
1989-03-01,Services,2112.3
1989-04-01,Services,2122.0
1989-05-01,Services,2134.0
1989-06-01,Services,2142.1
1989-07-01,Services,2155.7
1989-08-01,Services,2166.9
1989-09-01,Services,2179.8
1989-10-01,Services,2196.7
1989-11-01,Services,2204.6
1989-12-01,Services,2230.1
1990-01-01,Services,2229.0
1990-02-01,Services,2246.6
1990-03-01,Services,2269.6
1990-04-01,Services,2287.8
1990-05-01,Services,2303.1
1990-06-01,Services,2321.6
1990-07-01,Services,2334.3
1990-08-01,Services,2354.8
1990-09-01,Services,2361.0
1990-10-01,Services,2368.1
1990-11-01,Services,2365.7
1990-12-01,Services,2370.8
1991-01-01,Services,2375.3
1991-02-01,Services,2388.8
1991-03-01,Services,2399.0
1991-04-01,Services,2415.4
1991-05-01,Services,2432.9
1991-06-01,Services,2441.4
1991-07-01,Services,2455.5
1991-08-01,Services,2463.0
1991-09-01,Services,2475.2
1991-10-01,Services,2483.5
1991-11-01,Services,2503.6
1991-12-01,Services,2518.6
1992-01-01,Services,2549.1
1992-02-01,Services,2559.7
1992-03-01,Services,2590.9
1992-04-01,Services,2598.2
1992-05-01,Services,2608.0
1992-06-01,Services,2616.1
1992-07-01,Services,2641.3
1992-08-01,Services,2647.7
1992-09-01,Services,2672.5
1992-10-01,Services,2688.1
1992-11-01,Services,2714.9
1992-12-01,Services,2725.0
1993-01-01,Services,2724.1
1993-02-01,Services,2749.7
1993-03-01,Services,2753.8
1993-04-01,Services,2768.0
1993-05-01,Services,2778.7
1993-06-01,Services,2806.5
1993-07-01,Services,2818.5
1993-08-01,Services,2839.2
1993-09-01,Services,2856.4
1993-10-01,Services,2863.7
1993-11-01,Services,2872.7
1993-12-01,Services,2884.3
1994-01-01,Services,2895.6
1994-02-01,Services,2921.5
1994-03-01,Services,2929.6
1994-04-01,Services,2938.0
1994-05-01,Services,2956.7
1994-06-01,Services,2974.4
1994-07-01,Services,2979.3
1994-08-01,Services,2995.7
1994-09-01,Services,3006.7
1994-10-01,Services,3022.2
1994-11-01,Services,3031.4
1994-12-01,Services,3042.1
1995-01-01,Services,3054.7
1995-02-01,Services,3076.7
1995-03-01,Services,3091.6
1995-04-01,Services,3108.7
1995-05-01,Services,3129.8
1995-06-01,Services,3150.6
1995-07-01,Services,3156.3
1995-08-01,Services,3181.4
1995-09-01,Services,3179.6
1995-10-01,Services,3194.3
1995-11-01,Services,3213.4
1995-12-01,Services,3227.5
1996-01-01,Services,3239.8
1996-02-01,Services,3260.3
1996-03-01,Services,3278.8
1996-04-01,Services,3290.9
1996-05-01,Services,3305.7
1996-06-01,Services,3317.3
1996-07-01,Services,3334.7
1996-08-01,Services,3347.1
1996-09-01,Services,3364.0
1996-10-01,Services,3376.4
1996-11-01,Services,3392.5
1996-12-01,Services,3415.6
1997-01-01,Services,3435.7
1997-02-01,Services,3448.9
1997-03-01,Services,3454.9
1997-04-01,Services,3483.3
1997-05-01,Services,3497.0
1997-06-01,Services,3510.6
1997-07-01,Services,3542.0
1997-08-01,Services,3556.7
1997-09-01,Services,3578.5
1997-10-01,Services,3609.1
1997-11-01,Services,3607.6
1997-12-01,Services,3639.2
1998-01-01,Services,3647.4
1998-02-01,Services,3677.9
1998-03-01,Services,3705.5
1998-04-01,Services,3716.4
1998-05-01,Services,3741.9
1998-06-01,Services,3771.9
1998-07-01,Services,3786.4
1998-08-01,Services,3806.9
1998-09-01,Services,3827.6
1998-10-01,Services,3834.5
1998-11-01,Services,3843.5
1998-12-01,Services,3865.7
1999-01-01,Services,3885.5
1999-02-01,Services,3890.3
1999-03-01,Services,3915.6
1999-04-01,Services,3943.9
1999-05-01,Services,3956.0
1999-06-01,Services,3972.8
1999-07-01,Services,4000.5
1999-08-01,Services,4020.7
1999-09-01,Services,4051.0
1999-10-01,Services,4081.2
1999-11-01,Services,4109.7
1999-12-01,Services,4133.2
2000-01-01,Services,4170.6
2000-02-01,Services,4209.1
2000-03-01,Services,4235.7
2000-04-01,Services,4250.2
2000-05-01,Services,4270.7
2000-06-01,Services,4303.6
2000-07-01,Services,4323.4
2000-08-01,Services,4347.6
2000-09-01,Services,4381.5
2000-10-01,Services,4400.6
2000-11-01,Services,4424.0
2000-12-01,Services,4451.0
2001-01-01,Services,4488.9
2001-02-01,Services,4488.0
2001-03-01,Services,4511.3
2001-04-01,Services,4513.8
2001-05-01,Services,4533.8
2001-06-01,Services,4548.8
2001-07-01,Services,4565.3
2001-08-01,Services,4589.0
2001-09-01,Services,4511.0
2001-10-01,Services,4585.8
2001-11-01,Services,4604.8
2001-12-01,Services,4638.1
2002-01-01,Services,4635.3
2002-02-01,Services,4657.5
2002-03-01,Services,4674.7
2002-04-01,Services,4703.6
2002-05-01,Services,4723.7
2002-06-01,Services,4735.8
2002-07-01,Services,4768.2
2002-08-01,Services,4776.6
2002-09-01,Services,4791.3
2002-10-01,Services,4830.4
2002-11-01,Services,4840.3
2002-12-01,Services,4864.3
2003-01-01,Services,4891.6
2003-02-01,Services,4905.3
2003-03-01,Services,4932.6
2003-04-01,Services,4954.4
2003-05-01,Services,4991.7
2003-06-01,Services,5004.6
2003-07-01,Services,5035.3
2003-08-01,Services,5059.7
2003-09-01,Services,5069.0
2003-10-01,Services,5101.2
2003-11-01,Services,5123.0
2003-12-01,Services,5149.4
2004-01-01,Services,5183.7
2004-02-01,Services,5210.4
2004-03-01,Services,5222.5
2004-04-01,Services,5256.3
2004-05-01,Services,5274.9
2004-06-01,Services,5303.1
2004-07-01,Services,5345.0
2004-08-01,Services,5367.5
2004-09-01,Services,5403.5
2004-10-01,Services,5430.4
2004-11-01,Services,5463.9
2004-12-01,Services,5498.0
2005-01-01,Services,5515.2
2005-02-01,Services,5548.7
2005-03-01,Services,5585.5
2005-04-01,Services,5613.2
2005-05-01,Services,5641.9
2005-06-01,Services,5676.1
2005-07-01,Services,5704.3
2005-08-01,Services,5726.2
2005-09-01,Services,5760.3
2005-10-01,Services,5787.1
2005-11-01,Services,5826.5
2005-12-01,Services,5848.8
2006-01-01,Services,5861.9
2006-02-01,Services,5904.6
2006-03-01,Services,5943.4
2006-04-01,Services,5968.5
2006-05-01,Services,6008.5
2006-06-01,Services,6027.8
2006-07-01,Services,6058.3
2006-08-01,Services,6073.2
2006-09-01,Services,6109.5
2006-10-01,Services,6142.2
2006-11-01,Services,6163.8
2006-12-01,Services,6189.3
2007-01-01,Services,6239.0
2007-02-01,Services,6269.9
2007-03-01,Services,6283.1
2007-04-01,Services,6311.3
2007-05-01,Services,6317.8
2007-06-01,Services,6351.6
2007-07-01,Services,6375.7
2007-08-01,Services,6432.0
2007-09-01,Services,6447.4
2007-10-01,Services,6476.7
2007-11-01,Services,6513.2
2007-12-01,Services,6536.9
2008-01-01,Services,6575.4
2008-02-01,Services,6594.9
2008-03-01,Services,6623.9
2008-04-01,Services,6655.0
2008-05-01,Services,6687.9
2008-06-01,Services,6716.1
2008-07-01,Services,6728.9
2008-08-01,Services,6724.6
2008-09-01,Services,6740.1
2008-10-01,Services,6744.6
2008-11-01,Services,6729.8
2008-12-01,Services,6721.2
2009-01-01,Services,6714.0
2009-02-01,Services,6688.1
2009-03-01,Services,6682.8
2009-04-01,Services,6674.1
2009-05-01,Services,6661.0
2009-06-01,Services,6678.0
2009-07-01,Services,6690.4
2009-08-01,Services,6717.2
2009-09-01,Services,6725.2
2009-10-01,Services,6754.3
2009-11-01,Services,6748.6
2009-12-01,Services,6800.8
2010-01-01,Services,6808.5
2010-02-01,Services,6841.7
2010-03-01,Services,6856.9
2010-04-01,Services,6879.3
2010-05-01,Services,6927.9
2010-06-01,Services,6943.5
2010-07-01,Services,6974.5
2010-08-01,Services,6991.2
2010-09-01,Services,6991.3
2010-10-01,Services,7009.3
2010-11-01,Services,7032.7
2010-12-01,Services,7052.5
2011-01-01,Services,7063.8
2011-02-01,Services,7083.4
2011-03-01,Services,7120.3
2011-04-01,Services,7130.8
2011-05-01,Services,7165.9
2011-06-01,Services,7179.0
2011-07-01,Services,7215.4
2011-08-01,Services,7231.2
2011-09-01,Services,7235.2
2011-10-01,Services,7241.6
2011-11-01,Services,7244.2
2011-12-01,Services,7258.1
2012-01-01,Services,7296.4
2012-02-01,Services,7340.0
2012-03-01,Services,7355.4
2012-04-01,Services,7380.5
2012-05-01,Services,7386.8
2012-06-01,Services,7398.8
2012-07-01,Services,7421.8
2012-08-01,Services,7419.1
2012-09-01,Services,7441.8
2012-10-01,Services,7471.9
2012-11-01,Services,7499.1
2012-12-01,Services,7503.9
2013-01-01,Services,7515.8
2013-02-01,Services,7534.6
2013-03-01,Services,7572.4
2013-04-01,Services,7584.8
2013-05-01,Services,7605.4
2013-06-01,Services,7625.3
2013-07-01,Services,7629.7
2013-08-01,Services,7665.5
2013-09-01,Services,7694.0
2013-10-01,Services,7737.4
2013-11-01,Services,7779.3
2013-12-01,Services,7808.2
2014-01-01,Services,7811.9
2014-02-01,Services,7817.2
2014-03-01,Services,7877.9
2014-04-01,Services,7888.6
2014-05-01,Services,7927.5
2014-06-01,Services,7957.7
2014-07-01,Services,7990.1
2014-08-01,Services,8049.5
2014-09-01,Services,8074.1
2014-10-01,Services,8128.7
2014-11-01,Services,8149.1
2014-12-01,Services,8182.2
2015-01-01,Services,8199.5
2015-02-01,Services,8228.3
2015-03-01,Services,8241.2
2015-04-01,Services,8275.8
2015-05-01,Services,8306.5
2015-06-01,Services,8333.4
2015-07-01,Services,8363.7
2015-08-01,Services,8392.8
2015-09-01,Services,8410.2
2015-10-01,Services,8440.2
2015-11-01,Services,8441.7
2015-12-01,Services,8474.6
2016-01-01,Services,8518.0
2016-02-01,Services,8570.5
2016-03-01,Services,8566.4
2016-04-01,Services,8612.3
2016-05-01,Services,8640.2
2016-06-01,Services,8671.5
2016-07-01,Services,8714.7
2016-08-01,Services,8742.5
2016-09-01,Services,8781.9
2016-10-01,Services,8790.1
2016-11-01,Services,8834.7
2016-12-01,Services,8883.2
2017-01-01,Services,8927.3
2017-02-01,Services,8940.4
2017-03-01,Services,8989.7
2017-04-01,Services,8999.7
2017-05-01,Services,9027.2
2017-06-01,Services,9050.2
2017-07-01,Services,9087.6
2017-08-01,Services,9102.4
2017-09-01,Services,9137.1
2017-10-01,Services,9174.6
2017-11-01,Services,9216.7
2017-12-01,Services,9288.0
2018-01-01,Services,9318.2
2018-02-01,Services,9341.2
2018-03-01,Services,9412.1
2018-04-01,Services,9451.0
2018-05-01,Services,9466.9
2018-06-01,Services,9526.3
2018-07-01,Services,9555.9
2018-08-01,Services,9587.9
2018-09-01,Services,9595.5
2018-10-01,Services,9641.1
2018-11-01,Services,9667.1
2018-12-01,Services,9679.7
2019-01-01,Services,9685.3
2019-02-01,Services,9708.2
2019-03-01,Services,9766.9
2019-04-01,Services,9791.2
2019-05-01,Services,9816.5
2019-06-01,Services,9860.2
2019-07-01,Services,9921.7
2019-08-01,Services,9976.8
2019-09-01,Services,10017.8
2019-10-01,Services,10051.6
2019-11-01,Services,10107.6
2019-12-01,Services,10153.0
